id,first_name,last_name,email,start_date
1,Neila,Cowdray,ncowdray0@thetimes.co.uk,2/16/2016
2,Jeremias,McGannon,jmcgannon1@phpbb.com,9/13/2018
3,Sherlock,Lomasna,slomasna2@pinterest.com,7/16/2006
4,Marna,Bellay,mbellay3@list-manage.com,5/2/2003
5,Emyle,Skotcher,eskotcher4@nytimes.com,7/24/2009
6,Jeffie,O'Cassidy,jocassidy5@google.fr,8/11/2016
7,Annecorinne,Caven,acaven6@youtube.com,5/5/2007
8,Moria,Waistell,mwaistell7@freewebs.com,3/24/2011
9,Hanan,Pallesen,hpallesen8@bravesites.com,5/20/2002
10,Hakeem,Baude,hbaude9@ezinearticles.com,5/25/2006
11,Reece,Wilstead,rwilsteada@mlb.com,4/17/2003
12,Modesty,Flewitt,mflewittb@xrea.com,10/18/2009
13,Morgan,Geake,mgeakec@posterous.com,7/9/2001
14,Portia,Gilhooley,pgilhooleyd@latimes.com,5/6/2017
15,Haskell,Weaving,hweavinge@shinystat.com,3/27/2019
16,Lynsey,Bertomeu,lbertomeuf@cisco.com,9/15/2016
17,Bruis,Magrane,bmagraneg@zimbio.com,3/31/2008
18,Robinet,Sharpous,rsharpoush@hatena.ne.jp,11/5/2005
19,Francyne,Van Geffen,fvangeffeni@netvibes.com,6/13/2007
20,Marin,Summergill,msummergillj@dailymotion.com,10/22/2010
21,Lani,Perigeaux,lperigeauxk@wunderground.com,9/1/2004
22,Waylan,Penticost,wpenticostl@i2i.jp,2/2/2000
23,Lazarus,Wyche,lwychem@alexa.com,12/23/2017
24,Rowe,Delgua,rdelguan@marriott.com,3/2/2000
25,Vance,Atyea,vatyeao@google.com.au,10/15/2016
26,Lidia,Madle,lmadlep@foxnews.com,8/6/2018
27,Ines,Bollen,ibollenq@google.pl,12/15/2009
28,Terri,Childes,tchildesr@hc360.com,12/13/2017
29,Andros,Ramel,aramels@hud.gov,9/12/2002
30,Helenka,Lorking,hlorkingt@economist.com,9/3/2012
31,Garwood,Daber,gdaberu@weibo.com,6/11/2004
32,Morgun,Mansell,mmansellv@boston.com,11/22/2007
33,Ellene,Lurner,elurnerw@skyrock.com,5/7/2018
34,Cristen,Kleiser,ckleiserx@topsy.com,12/5/2018
35,Hillary,Brettell,hbrettelly@sohu.com,5/14/2007
36,Willem,Chevers,wcheversz@upenn.edu,12/12/2005
37,Dicky,Lavarack,dlavarack10@who.int,1/19/2011
38,Sephira,Borton,sborton11@creativecommons.org,8/23/2004
39,Murial,Fallen,mfallen12@e-recht24.de,9/5/2009
40,Brett,Kochel,bkochel13@msn.com,4/20/2003
41,Dario,Gusney,dgusney14@opera.com,3/9/2009
42,Dorothea,de Keyser,ddekeyser15@bizjournals.com,11/20/2012
43,Rayner,Shingles,rshingles16@apache.org,12/4/2016
44,Christophorus,Flewett,cflewett17@opensource.org,2/22/2020
45,Corry,Kirman,ckirman18@sina.com.cn,8/15/2001
46,Meghan,Sneesbie,msneesbie19@statcounter.com,6/10/2011
47,Nikolas,Defond,ndefond1a@newyorker.com,11/17/2017
48,Gustie,Proffer,gproffer1b@newyorker.com,5/9/2010
49,Euell,McClaurie,emcclaurie1c@shinystat.com,12/15/2004
50,Gibby,Hustler,ghustler1d@ask.com,1/21/2001
